user_id,month,year,query_counts,last_active_date,query_types,num_docs_total,avg_feedback_score,engagement_level
001f04ed53bd5bc8aeaf7c099f7308a5,5.0,2024.0,12,2024-05-28,"[""ASSISTANT"", ""VAULT"", ""WORKFLOW""]",97,4.3,Avg
004c8681bd00ff1407736ab1549c24f6,4.0,2024.0,4,2024-04-09,"[""ASSISTANT"", ""VAULT""]",19,4.5,Low
004c8681bd00ff1407736ab1549c24f6,5.0,2024.0,2,2024-05-22,"[""ASSISTANT"", ""VAULT""]",28,3.5,Low
004d2cd03ef8d602f1d6394c6b70b539,5.0,2024.0,1,2024-05-28,"[""ASSISTANT""]",1,5.0,Low
004d2cd03ef8d602f1d6394c6b70b539,6.0,2024.0,1,2024-06-18,"[""ASSISTANT""]",2,5.0,Low
0072941fee80e31dae2d79d92f1a0f6a,4.0,2024.0,2,2024-04-24,"[""ASSISTANT"", ""WORKFLOW""]",2,3.5,Low
0072941fee80e31dae2d79d92f1a0f6a,5.0,2024.0,1,2024-05-29,"[""VAULT""]",8,3.0,Low
008621d221d989bdf746ca77fb58a854,5.0,2024.0,1,2024-05-22,"[""ASSISTANT""]",1,5.0,Low
00938322ea3b4bf0fbac16ea5c7b47b7,6.0,2024.0,3,2024-06-18,"[""ASSISTANT"", ""VAULT"", ""WORKFLOW""]",6,4.0,Low
00d194e9dc94e2d540a70854c9510507,5.0,2024.0,6,2024-05-24,"[""ASSISTANT"", ""VAULT"", ""WORKFLOW""]",47,4.5,Low
00d194e9dc94e2d540a70854c9510507,6.0,2024.0,3,2024-06-13,"[""VAULT""]",60,4.7,Low
00daf924b84ecd9afd6fbe47da0ee0a1,5.0,2024.0,5,2024-05-29,"[""ASSISTANT"", ""VAULT"", ""WORKFLOW""]",32,4.8,Low
00daf924b84ecd9afd6fbe47da0ee0a1,6.0,2024.0,1,2024-06-18,"[""ASSISTANT""]",1,3.0,Low
00eff198ec916bf4e2fc96572c621f6a,5.0,2024.0,1,2024-05-15,"[""ASSISTANT""]",1,5.0,Low
00eff198ec916bf4e2fc96572c621f6a,6.0,2024.0,1,2024-06-03,"[""ASSISTANT""]",1,4.0,Low
0138bcab5eca616fd13ef7ad16b1b636,5.0,2024.0,11,2024-05-31,"[""ASSISTANT"", ""VAULT"", ""WORKFLOW""]",73,4.1,Avg
0138bcab5eca616fd13ef7ad16b1b636,6.0,2024.0,1,2024-06-20,"[""VAULT""]",42,5.0,Low
015ef0fe7fabaa9fc584474f02a49183,4.0,2024.0,2,2024-04-16,"[""VAULT"", ""WORKFLOW""]",51,5.0,Low
015ef0fe7fabaa9fc584474f02a49183,6.0,2024.0,1,2024-06-11,"[""VAULT""]",27,4.0,Low
015fb7518496340686eae0d5562eeaa1,5.0,2024.0,2,2024-05-26,"[""VAULT"", ""WORKFLOW""]",2,4.0,Low
015fb7518496340686eae0d5562eeaa1,6.0,2024.0,3,2024-06-03,"[""ASSISTANT"", ""VAULT""]",11,3.3,Avg
017324238df99c347669a69bf560e2e3,4.0,2024.0,1,2024-04-05,"[""VAULT""]",11,5.0,Avg
017324238df99c347669a69bf560e2e3,6.0,2024.0,1,2024-06-21,"[""VAULT""]",27,3.0,Low
0197706671646358f53846efffc8f533,6.0,2024.0,6,2024-06-11,"[""ASSISTANT""]",10,4.7,Avg
019b5bd90503290c4c729d3cf3d231d4,5.0,2024.0,1,2024-05-22,"[""WORKFLOW""]",1,4.0,Low
019b5bd90503290c4c729d3cf3d231d4,6.0,2024.0,1,2024-06-18,"[""VAULT""]",33,5.0,Low
01b5b7082befc1220a27175e467802ce,4.0,2024.0,2,2024-04-16,"[""ASSISTANT""]",3,4.5,Low
01b5b7082befc1220a27175e467802ce,5.0,2024.0,2,2024-05-29,"[""VAULT""]",64,3.5,Low
01b5b7082befc1220a27175e467802ce,6.0,2024.0,4,2024-06-05,"[""ASSISTANT"", ""VAULT"", ""WORKFLOW""]",31,4.3,Low
01c7c2f820caf23ffcaa39052e1f5472,4.0,2024.0,1,2024-04-16,"[""WORKFLOW""]",3,5.0,Low
02101b80613a834a9bb6f83ff8e27e85,5.0,2024.0,1,2024-05-09,"[""ASSISTANT""]",1,5.0,Low
02101b80613a834a9bb6f83ff8e27e85,6.0,2024.0,3,2024-06-09,"[""ASSISTANT"", ""VAULT"", ""WORKFLOW""]",31,4.7,Low
0234c1ea9f998f64230b86ccaca1123e,6.0,2024.0,3,2024-06-20,"[""VAULT""]",71,4.0,Low
0257770c57a6e5d28a344838140a5b1c,4.0,2024.0,10,2024-04-29,"[""ASSISTANT"", ""VAULT"", ""WORKFLOW""]",33,2.9,Avg
0257770c57a6e5d28a344838140a5b1c,6.0,2024.0,1,2024-06-11,"[""VAULT""]",2,5.0,Low
025c2964c40a2fd0b0cc3655696208e5,6.0,2024.0,2,2024-06-10,"[""VAULT"", ""WORKFLOW""]",19,3.5,Low
0291d66d38443f5280c0953fb03525d9,4.0,2024.0,12,2024-04-29,"[""ASSISTANT"", ""VAULT"", ""WORKFLOW""]",47,3.4,Avg
0291d66d38443f5280c0953fb03525d9,5.0,2024.0,18,2024-05-31,"[""ASSISTANT"", ""VAULT"", ""WORKFLOW""]",125,3.9,High
0291d66d38443f5280c0953fb03525d9,6.0,2024.0,2,2024-06-17,"[""ASSISTANT"", ""WORKFLOW""]",2,4.0,Low
02af0c53b622a23f9d8b0ec936986195,5.0,2024.0,1,2024-05-28,"[""ASSISTANT""]",1,4.0,Low
02af0c53b622a23f9d8b0ec936986195,6.0,2024.0,1,2024-06-02,"[""ASSISTANT""]",6,5.0,Low
02b9d12797a3b4f9b3237022c4e1ffb4,4.0,2024.0,1,2024-04-08,"[""VAULT""]",19,4.0,Low
02b9d12797a3b4f9b3237022c4e1ffb4,6.0,2024.0,2,2024-06-19,"[""ASSISTANT"", ""VAULT""]",14,2.5,Avg
02c45b0c1d2089616d30171b2ce4bf00,4.0,2024.0,3,2024-04-23,"[""ASSISTANT"", ""VAULT""]",38,4.3,Low
02c45b0c1d2089616d30171b2ce4bf00,6.0,2024.0,2,2024-06-13,"[""ASSISTANT"", ""WORKFLOW""]",2,4.5,Low
02d6cc303fb9ee8a521330080b45b19d,4.0,2024.0,5,2024-04-30,"[""ASSISTANT"", ""VAULT"", ""WORKFLOW""]",9,4.4,Low
02d6cc303fb9ee8a521330080b45b19d,5.0,2024.0,1,2024-05-02,"[""WORKFLOW""]",1,5.0,Low
02e0a41e91bff5ad8478ce20813457b5,4.0,2024.0,1,2024-04-08,"[""WORKFLOW""]",1,5.0,Low
02ed9ca7d853d72ec4cd48332eb945c9,4.0,2024.0,9,2024-04-23,"[""ASSISTANT"", ""VAULT"", ""WORKFLOW""]",114,4.4,High
02ed9ca7d853d72ec4cd48332eb945c9,5.0,2024.0,3,2024-05-02,"[""ASSISTANT"", ""WORKFLOW""]",3,4.7,Low
02ed9ca7d853d72ec4cd48332eb945c9,6.0,2024.0,7,2024-06-24,"[""ASSISTANT"", ""VAULT"", ""WORKFLOW""]",112,3.6,High
0311c5ec3801458ebe98d6111295c1b7,5.0,2024.0,1,2024-05-30,"[""ASSISTANT""]",1,4.0,Low
03234b3c5c8192f0c485d1623a7580a0,4.0,2024.0,1,2024-04-16,"[""WORKFLOW""]",1,2.0,Low
03234b3c5c8192f0c485d1623a7580a0,6.0,2024.0,1,2024-06-10,"[""WORKFLOW""]",7,4.0,Low
0342cbbf36b79e7106df6f757de4dfa5,4.0,2024.0,1,2024-04-24,"[""WORKFLOW""]",1,5.0,Low
0355280616bbc1b24d76cecfdb35657e,6.0,2024.0,1,2024-06-24,"[""VAULT""]",19,3.0,Low
0356f4f2f44f86727ea2ee44b6183bfb,5.0,2024.0,2,2024-05-08,"[""ASSISTANT"", ""WORKFLOW""]",28,3.0,Low
0356f4f2f44f86727ea2ee44b6183bfb,6.0,2024.0,1,2024-06-11,"[""VAULT""]",2,5.0,Low
035dc33a4e7362fa02d4d750d303b24c,4.0,2024.0,3,2024-04-19,"[""ASSISTANT"", ""VAULT""]",79,3.3,Low
035dc33a4e7362fa02d4d750d303b24c,5.0,2024.0,4,2024-05-07,"[""ASSISTANT"", ""VAULT"", ""WORKFLOW""]",50,4.0,Low
036da06aa3a076432212483432a8ab80,4.0,2024.0,8,2024-04-25,"[""ASSISTANT"", ""VAULT"", ""WORKFLOW""]",49,4.0,Low
036da06aa3a076432212483432a8ab80,6.0,2024.0,2,2024-06-18,"[""ASSISTANT"", ""WORKFLOW""]",2,4.5,Low
03765d8eb312b0a95c66e6bf2eff25af,6.0,2024.0,4,2024-06-24,"[""ASSISTANT"", ""VAULT"", ""WORKFLOW""]",68,4.5,Low
037b5c698c30e06cd434497ddcc1f68c,5.0,2024.0,1,2024-05-22,"[""VAULT""]",8,3.0,Low
037d2a41320908ff570519095bf3864d,5.0,2024.0,2,2024-05-15,"[""VAULT""]",52,3.5,Low
03a49fa3ef52472f3c2e1be8c16a78b4,4.0,2024.0,1,2024-04-22,"[""VAULT""]",9,5.0,Low
03be1de1e8c558c2315383dc23c3cb40,5.0,2024.0,7,2024-05-31,"[""ASSISTANT"", ""VAULT"", ""WORKFLOW""]",48,3.0,Low
03be1de1e8c558c2315383dc23c3cb40,6.0,2024.0,3,2024-06-24,"[""ASSISTANT"", ""VAULT""]",19,4.7,Low
03ca0186347afa409d0b7931df81e1d7,6.0,2024.0,1,2024-06-12,"[""VAULT""]",1,3.0,Low
03ccdf4ea9b85cc6f5328f412bb6f1d3,5.0,2024.0,4,2024-05-24,"[""VAULT"", ""WORKFLOW""]",82,4.0,Low
03e3ab7bea404aa4d5945642b4d5423f,4.0,2024.0,2,2024-04-11,"[""ASSISTANT"", ""VAULT""]",49,4.5,Low
03e9b057ef082e513cce1e8dc8a9aa7e,5.0,2024.0,3,2024-05-20,"[""VAULT""]",102,3.7,High
03ef17b7c69ebaefe980d999db018883,4.0,2024.0,1,2024-04-09,"[""WORKFLOW""]",1,5.0,Low
03ef17b7c69ebaefe980d999db018883,5.0,2024.0,3,2024-05-21,"[""ASSISTANT"", ""WORKFLOW""]",3,4.3,Low
03ef17b7c69ebaefe980d999db018883,6.0,2024.0,8,2024-06-17,"[""ASSISTANT"", ""VAULT"", ""WORKFLOW""]",37,3.4,Low
03fea64600970f27bf2366654ea0e11c,4.0,2024.0,1,2024-04-16,"[""VAULT""]",32,4.0,Low
03fea64600970f27bf2366654ea0e11c,5.0,2024.0,2,2024-05-10,"[""VAULT"", ""WORKFLOW""]",32,4.5,Low
041b14a215e128bc98d1cca191eed3fa,5.0,2024.0,2,2024-05-24,"[""ASSISTANT""]",2,4.5,Low
041b14a215e128bc98d1cca191eed3fa,6.0,2024.0,15,2024-06-24,"[""ASSISTANT"", ""VAULT"", ""WORKFLOW""]",128,4.1,High
042d26b0c5d766dfcd2c900d45b7d681,5.0,2024.0,3,2024-05-27,"[""ASSISTANT"", ""VAULT""]",25,4.0,Low
042d26b0c5d766dfcd2c900d45b7d681,6.0,2024.0,1,2024-06-20,"[""VAULT""]",10,3.0,Avg
04343aab62a4cd9c1789cde009dfc23d,4.0,2024.0,1,2024-04-09,"[""VAULT""]",9,3.0,Low
046b7017b9e3719bbbbffd171fcaaada,5.0,2024.0,1,2024-05-30,"[""ASSISTANT""]",3,4.0,Low
046b7017b9e3719bbbbffd171fcaaada,6.0,2024.0,1,2024-06-16,"[""ASSISTANT""]",1,5.0,Low
04bf4e9fb443c6299fb00417d6a56b08,4.0,2024.0,1,2024-04-23,"[""VAULT""]",3,5.0,Low
04bf4e9fb443c6299fb00417d6a56b08,5.0,2024.0,3,2024-05-26,"[""ASSISTANT"", ""WORKFLOW""]",3,4.3,Low
04bf4e9fb443c6299fb00417d6a56b08,6.0,2024.0,2,2024-06-12,"[""ASSISTANT""]",2,4.5,Low
04cb1f9dd727ffff1e23625392f5995d,6.0,2024.0,1,2024-06-06,"[""WORKFLOW""]",1,2.0,Low
04e2190bd00d87efb27a0222d25abded,4.0,2024.0,5,2024-04-28,"[""ASSISTANT"", ""VAULT""]",58,4.4,Low
04e2190bd00d87efb27a0222d25abded,5.0,2024.0,4,2024-05-24,"[""ASSISTANT"", ""VAULT"", ""WORKFLOW""]",24,4.8,Low
04e2190bd00d87efb27a0222d25abded,6.0,2024.0,4,2024-06-11,"[""WORKFLOW""]",4,4.0,Low
0523d4fcbe429b3e6eaa4054860bdd35,4.0,2024.0,2,2024-04-19,"[""ASSISTANT"", ""VAULT""]",35,4.5,Low
0523d4fcbe429b3e6eaa4054860bdd35,5.0,2024.0,9,2024-05-30,"[""ASSISTANT"", ""VAULT"", ""WORKFLOW""]",88,3.9,Low
0523d4fcbe429b3e6eaa4054860bdd35,6.0,2024.0,12,2024-06-20,"[""ASSISTANT"", ""VAULT"", ""WORKFLOW""]",118,3.6,High
05314f0dd085c7466f6a4c40ab87d14d,4.0,2024.0,2,2024-04-08,"[""VAULT""]",43,4.5,Low
055c89d63197910db0e9452427be3480,5.0,2024.0,1,2024-05-28,"[""WORKFLOW""]",1,4.0,Low
05716a54b0a9607f1460e8912c5c72e3,5.0,2024.0,11,2024-05-30,"[""ASSISTANT"", ""VAULT"", ""WORKFLOW""]",96,4.3,Avg
057784fe97bdcc8af01c8efd563b981a,6.0,2024.0,2,2024-06-11,"[""ASSISTANT""]",3,4.5,Low
058b50a9d00a15dd7c7746f907fc7457,6.0,2024.0,1,2024-06-11,"[""VAULT""]",29,4.0,Low
0595fc771dcd4f154303c110235a97fa,4.0,2024.0,5,2024-04-10,"[""ASSISTANT""]",5,4.0,Low
0595fc771dcd4f154303c110235a97fa,6.0,2024.0,4,2024-06-11,"[""ASSISTANT"", ""VAULT""]",23,4.5,Low
05d99ef057ce076994c9c6ed8d1c1300,5.0,2024.0,1,2024-05-23,"[""ASSISTANT""]",1,5.0,Low
05e0cf48a1d4747f7048bba38c0e1ead,6.0,2024.0,3,2024-06-24,"[""VAULT"", ""WORKFLOW""]",56,4.7,Low
05f3774c81078d048dbccba0bf69fa84,5.0,2024.0,2,2024-05-16,"[""ASSISTANT"", ""VAULT""]",31,4.5,Low
05f3774c81078d048dbccba0bf69fa84,6.0,2024.0,2,2024-06-19,"[""VAULT"", ""WORKFLOW""]",52,5.0,Low
05fcb11c8bed581db969fc30f58ecd15,4.0,2024.0,1,2024-04-19,"[""WORKFLOW""]",2,5.0,Low
0618161276f42f4fba750de38e172458,4.0,2024.0,4,2024-04-24,"[""ASSISTANT"", ""VAULT""]",9,3.3,Low
0618161276f42f4fba750de38e172458,6.0,2024.0,1,2024-06-07,"[""ASSISTANT""]",5,5.0,Low
06493630ce61eafcb782dca5c01875cf,6.0,2024.0,3,2024-06-20,"[""VAULT""]",34,4.0,Low
06689a4bf844826f83b7df8d0803cfc4,5.0,2024.0,2,2024-05-23,"[""VAULT""]",90,3.0,Low
06689a4bf844826f83b7df8d0803cfc4,6.0,2024.0,7,2024-06-13,"[""ASSISTANT"", ""VAULT"", ""WORKFLOW""]",77,3.9,Low
067883d4126bf2c17951644f17989bc8,5.0,2024.0,1,2024-05-31,"[""ASSISTANT""]",1,3.0,Low
067883d4126bf2c17951644f17989bc8,6.0,2024.0,4,2024-06-17,"[""ASSISTANT"", ""VAULT""]",91,4.8,Low
067b977b198d03e3c3569467243e468b,5.0,2024.0,1,2024-05-09,"[""ASSISTANT""]",1,4.0,Low
068ff6416ec222ee6b82c87530fe5373,4.0,2024.0,2,2024-04-30,"[""VAULT"", ""WORKFLOW""]",32,4.5,Low
06971bdbfe722e954ed2f754373294c2,6.0,2024.0,1,2024-06-03,"[""ASSISTANT""]",1,5.0,Low
06b596fb110171712ce9e42ff5d057ca,4.0,2024.0,88,2024-04-30,"[""ASSISTANT"", ""VAULT"", ""WORKFLOW""]",812,4.0,High
06b596fb110171712ce9e42ff5d057ca,5.0,2024.0,14,2024-05-08,"[""ASSISTANT"", ""VAULT"", ""WORKFLOW""]",69,3.9,Avg
06bfdf4be0766f53682f27b384b26cf2,6.0,2024.0,6,2024-06-18,"[""ASSISTANT"", ""VAULT"", ""WORKFLOW""]",67,4.0,Low
06d92611a1425d960b24fd8abd24b343,4.0,2024.0,2,2024-04-16,"[""WORKFLOW""]",2,4.5,Low
06d92611a1425d960b24fd8abd24b343,6.0,2024.0,5,2024-06-25,"[""ASSISTANT"", ""VAULT"", ""WORKFLOW""]",92,4.4,Low
06ddc57177f32850696230e09dbb862a,6.0,2024.0,1,2024-06-24,"[""WORKFLOW""]",1,5.0,Low
071cfb3ace5c6a9d9a1bbc6b0063cc56,4.0,2024.0,13,2024-04-30,"[""ASSISTANT"", ""VAULT"", ""WORKFLOW""]",134,3.8,High
071cfb3ace5c6a9d9a1bbc6b0063cc56,5.0,2024.0,11,2024-05-30,"[""ASSISTANT"", ""VAULT"", ""WORKFLOW""]",179,4.0,High
0721aadaeaac29243e0853e27de58d74,5.0,2024.0,1,2024-05-16,"[""ASSISTANT""]",1,5.0,Low
073592d7f273286001d630a11cf01ff0,5.0,2024.0,3,2024-05-17,"[""VAULT"", ""WORKFLOW""]",3,4.3,Low
0759995789621bc22fd20b0b514c3257,6.0,2024.0,3,2024-06-24,"[""WORKFLOW""]",3,4.0,Low
0763a4eb361b1980e56185d00a47ffa2,5.0,2024.0,2,2024-05-28,"[""ASSISTANT""]",2,3.0,Low
076ad8b986e12af6b324f415979aa055,4.0,2024.0,4,2024-04-17,"[""ASSISTANT"", ""VAULT""]",31,4.8,Low
07a5d661fb3187fb305880f2e58f712b,5.0,2024.0,1,2024-05-06,"[""ASSISTANT""]",1,5.0,Low
07bbfaa70853a895ced773fce3472aab,6.0,2024.0,1,2024-06-06,"[""WORKFLOW""]",1,5.0,Low
07c0653689b462f6b62294671056b3a9,4.0,2024.0,1,2024-04-03,"[""ASSISTANT""]",1,2.0,Low
07ead14473c8fdb880580e590b32f917,6.0,2024.0,2,2024-06-19,"[""ASSISTANT"", ""VAULT""]",9,4.5,Low
0817ff9ac06681f4f9ee203679051c94,5.0,2024.0,1,2024-05-02,"[""VAULT""]",3,4.0,Low
0817ff9ac06681f4f9ee203679051c94,6.0,2024.0,1,2024-06-13,"[""ASSISTANT""]",1,4.0,Low
081ab4c3fbc6c3f608a48c22808c14f9,5.0,2024.0,1,2024-05-09,"[""ASSISTANT""]",1,4.0,Low
0827942e337f82378f3ab1a3268e844c,6.0,2024.0,3,2024-06-14,"[""WORKFLOW""]",3,4.3,Low
0835bef32b62ede156664edd66104778,5.0,2024.0,1,2024-05-08,"[""VAULT""]",17,5.0,Low
0843d78e7d5381269f010b1330575155,6.0,2024.0,3,2024-06-25,"[""ASSISTANT"", ""VAULT""]",3,4.3,Low
0869a1744593e5a4d1b4e2d538cd3051,4.0,2024.0,4,2024-04-18,"[""ASSISTANT"", ""VAULT""]",53,4.5,Low
0869a1744593e5a4d1b4e2d538cd3051,5.0,2024.0,1,2024-05-27,"[""WORKFLOW""]",1,5.0,Low
0869a1744593e5a4d1b4e2d538cd3051,6.0,2024.0,2,2024-06-19,"[""WORKFLOW""]",2,4.0,Low
0897cb62fdb0654c1cb65773a35cc221,5.0,2024.0,5,2024-05-09,"[""ASSISTANT"", ""VAULT""]",45,4.0,Low
08cde0f3175265d4d9f94d8fd20a072d,4.0,2024.0,4,2024-04-30,"[""ASSISTANT"", ""VAULT""]",75,4.0,Low
08cde0f3175265d4d9f94d8fd20a072d,6.0,2024.0,10,2024-06-13,"[""ASSISTANT"", ""VAULT"", ""WORKFLOW""]",64,4.3,Avg
08d6f203743aa962ac89a63f823706da,4.0,2024.0,1,2024-04-26,"[""WORKFLOW""]",1,4.0,Low
092992308032c91781e6dabf93782671,6.0,2024.0,1,2024-06-21,"[""WORKFLOW""]",1,5.0,Low
09311a25813cbc2e0d406465bcfcb4ba,6.0,2024.0,4,2024-06-20,"[""ASSISTANT"", ""VAULT""]",38,3.5,Low
098d418773a0f1c0a3dd539d01df44d3,6.0,2024.0,5,2024-06-13,"[""ASSISTANT"", ""VAULT""]",83,4.0,Low
09a41569e1deb8d004b8de56ee5d33dc,5.0,2024.0,1,2024-05-22,"[""ASSISTANT""]",1,5.0,Low
09c81fcb02b93c8c387a06cc8cacfcf5,5.0,2024.0,8,2024-05-30,"[""ASSISTANT"", ""VAULT"", ""WORKFLOW""]",47,4.5,Low
09c81fcb02b93c8c387a06cc8cacfcf5,6.0,2024.0,1,2024-06-03,"[""ASSISTANT""]",1,4.0,Low
09d46a1f8206d13b6adbcc83e2cf21a2,4.0,2024.0,1,2024-04-23,"[""ASSISTANT""]",1,4.0,Low
09d46a1f8206d13b6adbcc83e2cf21a2,5.0,2024.0,5,2024-05-20,"[""ASSISTANT"", ""VAULT"", ""WORKFLOW""]",24,2.8,Low
09e93e38e3f08699e1dbd875d4409e80,6.0,2024.0,4,2024-06-25,"[""ASSISTANT"", ""VAULT"", ""WORKFLOW""]",39,3.5,Low
09f53ebe9542603e2d8fc5005b345725,6.0,2024.0,3,2024-06-23,"[""ASSISTANT"", ""VAULT"", ""WORKFLOW""]",4,4.0,Low
0a0411321a5b5a3a3a5a886bc0d38289,5.0,2024.0,1,2024-05-21,"[""WORKFLOW""]",3,4.0,Low
0a2dbd20445dfd66d4b1c20731a7528a,4.0,2024.0,1,2024-04-02,"[""ASSISTANT""]",1,5.0,Low
0a2dbd20445dfd66d4b1c20731a7528a,6.0,2024.0,1,2024-06-11,"[""ASSISTANT""]",1,4.0,Low
0a399731e707f956d162ff74e7f3ecca,4.0,2024.0,5,2024-04-26,"[""ASSISTANT"", ""VAULT"", ""WORKFLOW""]",53,4.6,Low
0a399731e707f956d162ff74e7f3ecca,5.0,2024.0,4,2024-05-08,"[""ASSISTANT"", ""VAULT""]",33,4.0,Low
0a399731e707f956d162ff74e7f3ecca,6.0,2024.0,1,2024-06-10,"[""ASSISTANT""]",2,5.0,Low
0a3ea5b9a4ea223e0d150029f4e0c6a1,5.0,2024.0,4,2024-05-21,"[""ASSISTANT"", ""VAULT"", ""WORKFLOW""]",31,4.5,Low
0a3ea5b9a4ea223e0d150029f4e0c6a1,6.0,2024.0,1,2024-06-20,"[""ASSISTANT""]",1,4.0,Low
0a585c7e7285cd30467cee54a63a6347,4.0,2024.0,14,2024-04-04,"[""ASSISTANT"", ""VAULT"", ""WORKFLOW""]",65,3.9,Avg
0a6a72e5eb4bf6653ba868e16f21af5a,6.0,2024.0,1,2024-06-20,"[""VAULT""]",45,5.0,Low
0a6ac32290ca2e1497d9ffdef2960869,6.0,2024.0,4,2024-06-14,"[""ASSISTANT"", ""VAULT"", ""WORKFLOW""]",25,3.8,Low
0a7fca30d080abd2323413eba8367b85,4.0,2024.0,3,2024-04-29,"[""ASSISTANT"", ""WORKFLOW""]",3,4.3,Low
0a7fca30d080abd2323413eba8367b85,5.0,2024.0,1,2024-05-23,"[""WORKFLOW""]",1,1.0,Low
0a7fca30d080abd2323413eba8367b85,6.0,2024.0,1,2024-06-12,"[""WORKFLOW""]",1,4.0,Low
0a9d411a1324697789bce7fd71f6e7a6,5.0,2024.0,3,2024-05-02,"[""VAULT"", ""WORKFLOW""]",27,3.0,Low
0aab4d85c98cde6bd8264c17912c7c82,4.0,2024.0,1,2024-04-04,"[""ASSISTANT""]",1,5.0,Low
0aab4d85c98cde6bd8264c17912c7c82,6.0,2024.0,2,2024-06-25,"[""ASSISTANT""]",2,4.5,Low
0ab3a8d210273c83100a4066170df4ea,6.0,2024.0,1,2024-06-14,"[""VAULT""]",30,4.0,Low
0ab6c4ce8de269f3bde3914e27d28eaa,4.0,2024.0,1,2024-04-25,"[""VAULT""]",21,5.0,Low
0ab6c4ce8de269f3bde3914e27d28eaa,6.0,2024.0,2,2024-06-12,"[""ASSISTANT"", ""VAULT""]",5,3.0,Low
0ab70b4e9c08f22e909b9ffef3bdd2cb,6.0,2024.0,3,2024-06-15,"[""ASSISTANT"", ""VAULT""]",61,4.3,Low
0abe071ebcf03c8b62a1b2f869b8fd02,6.0,2024.0,2,2024-06-24,"[""VAULT"", ""WORKFLOW""]",24,4.0,Low
0ad0ee567152d741c06aa8f6d304bf72,4.0,2024.0,1,2024-04-26,"[""ASSISTANT""]",2,4.0,Low
0ad0ee567152d741c06aa8f6d304bf72,5.0,2024.0,3,2024-05-26,"[""ASSISTANT"", ""WORKFLOW""]",24,3.0,Low
0ad0ee567152d741c06aa8f6d304bf72,6.0,2024.0,5,2024-06-22,"[""ASSISTANT"", ""VAULT"", ""WORKFLOW""]",109,4.0,High
0adcd39c00b91224e137ef13db5a1ba5,4.0,2024.0,1,2024-04-30,"[""WORKFLOW""]",1,5.0,Low
0adcd39c00b91224e137ef13db5a1ba5,5.0,2024.0,3,2024-05-18,"[""ASSISTANT"", ""VAULT""]",22,3.7,Low
0ae0ed5ada177d077cca1231bfd71d3b,4.0,2024.0,1,2024-04-23,"[""ASSISTANT""]",1,4.0,Low
0aedc8b9414150beaeca32191af0a418,5.0,2024.0,3,2024-05-30,"[""ASSISTANT""]",24,4.3,Low
0afa463623af3467664de0761ed1dbaa,5.0,2024.0,1,2024-05-27,"[""ASSISTANT""]",1,4.0,Low
0afab98c310d22fd5d856701cadeeaa4,4.0,2024.0,11,2024-04-15,"[""ASSISTANT"", ""VAULT"", ""WORKFLOW""]",87,4.4,Avg
0afab98c310d22fd5d856701cadeeaa4,5.0,2024.0,7,2024-05-31,"[""ASSISTANT"", ""WORKFLOW""]",9,4.1,Low
0afab98c310d22fd5d856701cadeeaa4,6.0,2024.0,15,2024-06-24,"[""ASSISTANT"", ""VAULT"", ""WORKFLOW""]",28,3.9,Avg
0b4c9829bbbb58b12d8d546a46daec77,5.0,2024.0,1,2024-05-14,"[""VAULT""]",50,5.0,Low
0b4c9829bbbb58b12d8d546a46daec77,6.0,2024.0,2,2024-06-03,"[""ASSISTANT"", ""VAULT""]",20,4.5,Low
0b4fa87c0dae5fb8d03ecf89d1f27d62,6.0,2024.0,3,2024-06-18,"[""VAULT"", ""WORKFLOW""]",11,4.7,Avg
0b664704cdd7110931d118ab2b7ae843,5.0,2024.0,1,2024-05-21,"[""WORKFLOW""]",1,5.0,Low
0b664704cdd7110931d118ab2b7ae843,6.0,2024.0,2,2024-06-21,"[""VAULT"", ""WORKFLOW""]",15,3.5,Avg
0b70668e033d627de163951dd561dc4a,4.0,2024.0,4,2024-04-27,"[""ASSISTANT""]",4,3.8,Low
0b753d4e5ab1e101748a81383aaa0417,5.0,2024.0,1,2024-05-30,"[""ASSISTANT""]",1,4.0,Low
0b753d4e5ab1e101748a81383aaa0417,6.0,2024.0,1,2024-06-21,"[""VAULT""]",22,3.0,Low
0b7990c9a4c377fc9d8109c23f9491b0,5.0,2024.0,3,2024-05-07,"[""ASSISTANT"", ""WORKFLOW""]",8,3.7,Low
0b828d7471faf18231a0390e5399862c,5.0,2024.0,4,2024-05-21,"[""ASSISTANT"", ""VAULT"", ""WORKFLOW""]",45,4.5,Low
0bade3995cee45951c18ce25823606f6,6.0,2024.0,4,2024-06-18,"[""VAULT"", ""WORKFLOW""]",70,2.8,Low
0bc9313a197cd53b38190f26c0a93c8b,5.0,2024.0,1,2024-05-22,"[""VAULT""]",16,3.0,Low
0bd48b6013d509daea9bcf37ecd27719,6.0,2024.0,7,2024-06-07,"[""ASSISTANT"", ""VAULT""]",49,3.4,Low
0bff1740d7ff7c293910e5bd92bcee4a,4.0,2024.0,4,2024-04-24,"[""ASSISTANT""]",7,4.0,Low
0bff1740d7ff7c293910e5bd92bcee4a,5.0,2024.0,1,2024-05-03,"[""VAULT""]",19,5.0,Low
0c0cf26d03a1d58ec8850f5258607204,4.0,2024.0,4,2024-04-15,"[""VAULT"", ""WORKFLOW""]",28,4.8,Low
0c0cf26d03a1d58ec8850f5258607204,5.0,2024.0,5,2024-05-31,"[""ASSISTANT"", ""VAULT"", ""WORKFLOW""]",9,4.0,Low
0c0cf26d03a1d58ec8850f5258607204,6.0,2024.0,2,2024-06-06,"[""ASSISTANT""]",2,5.0,Low
0c1e45db8dbb9cb1981a58b98d380602,5.0,2024.0,2,2024-05-03,"[""ASSISTANT"", ""VAULT""]",42,4.0,Low
0c1e45db8dbb9cb1981a58b98d380602,6.0,2024.0,1,2024-06-04,"[""ASSISTANT""]",1,4.0,Low
0c4468269f1829f0de089de09d56f9b0,6.0,2024.0,4,2024-06-24,"[""ASSISTANT"", ""VAULT"", ""WORKFLOW""]",45,3.8,Low
0c4785075fbb5d0c7a12848b8a384390,4.0,2024.0,1,2024-04-18,"[""WORKFLOW""]",21,5.0,Low
0c4785075fbb5d0c7a12848b8a384390,5.0,2024.0,2,2024-05-17,"[""ASSISTANT""]",52,3.5,Low
0c6393f1fe39c78bdd3fc1e03087998e,5.0,2024.0,3,2024-05-23,"[""ASSISTANT"", ""WORKFLOW""]",58,4.3,Low
0c666742fcf1ccaf21498d9502320433,4.0,2024.0,15,2024-04-26,"[""ASSISTANT"", ""VAULT"", ""WORKFLOW""]",183,3.9,High
0c666742fcf1ccaf21498d9502320433,5.0,2024.0,1,2024-05-25,"[""VAULT""]",31,5.0,Low
0c670805c8a162c1d1267fefffcfb583,4.0,2024.0,3,2024-04-16,"[""ASSISTANT"", ""VAULT""]",17,4.3,Low
0c670805c8a162c1d1267fefffcfb583,5.0,2024.0,4,2024-05-13,"[""ASSISTANT""]",5,4.3,Low
0c7ffe779d2a440b0a2a63fdde7379be,4.0,2024.0,1,2024-04-07,"[""VAULT""]",23,4.0,Low
0c7ffe779d2a440b0a2a63fdde7379be,5.0,2024.0,2,2024-05-14,"[""ASSISTANT"", ""WORKFLOW""]",2,2.5,Low
0c7ffe779d2a440b0a2a63fdde7379be,6.0,2024.0,1,2024-06-23,"[""WORKFLOW""]",1,4.0,Low
0c8837127de41183a3d16c9d753faf16,5.0,2024.0,2,2024-05-30,"[""ASSISTANT""]",2,3.5,Low
0c8837127de41183a3d16c9d753faf16,6.0,2024.0,4,2024-06-13,"[""ASSISTANT"", ""VAULT"", ""WORKFLOW""]",30,4.8,Low
0ca69fb6527d9d4d864156c101331eb9,4.0,2024.0,1,2024-04-16,"[""VAULT""]",28,4.0,Low
0cab58bf9dc237122a84c5bb4cea44c6,6.0,2024.0,1,2024-06-03,"[""ASSISTANT""]",1,5.0,Low
0ccf06f64f1f92020b5dde6c47b8ec70,4.0,2024.0,3,2024-04-04,"[""VAULT"", ""WORKFLOW""]",59,4.7,Low
0ccf42ae97fae5ca61b05104fbebc993,5.0,2024.0,3,2024-05-16,"[""ASSISTANT"", ""VAULT"", ""WORKFLOW""]",5,4.7,Low
0d04b0e0b421b01d89b6bce11271b333,6.0,2024.0,2,2024-06-16,"[""ASSISTANT""]",2,4.0,Low
0d2f274c7566a53ce3c02b7b4465be5e,5.0,2024.0,1,2024-05-14,"[""ASSISTANT""]",1,4.0,Low
0d2ff6ba7bebbed8040194f2c4677926,5.0,2024.0,4,2024-05-21,"[""ASSISTANT"", ""VAULT"", ""WORKFLOW""]",37,3.3,Low
0d354a82af9a11d20d546752409bf2a8,4.0,2024.0,1,2024-04-24,"[""VAULT""]",11,5.0,Avg
0d354a82af9a11d20d546752409bf2a8,6.0,2024.0,1,2024-06-14,"[""WORKFLOW""]",1,5.0,Low
0d38dae54c151212733c3a6e77a36d56,6.0,2024.0,1,2024-06-24,"[""VAULT""]",15,5.0,Avg
0d425c6310b721951469a2112790c725,4.0,2024.0,1,2024-04-24,"[""VAULT""]",17,5.0,Low
0d4fa30aef07e8a9b4707055e511c364,4.0,2024.0,1,2024-04-02,"[""WORKFLOW""]",2,4.0,Low
0d52ecbc4b61706ecd80d0cb4c0cdcf1,4.0,2024.0,4,2024-04-30,"[""ASSISTANT"", ""WORKFLOW""]",4,4.8,Low
0d52ecbc4b61706ecd80d0cb4c0cdcf1,5.0,2024.0,2,2024-05-20,"[""ASSISTANT"", ""WORKFLOW""]",2,4.0,Low
0d52ecbc4b61706ecd80d0cb4c0cdcf1,6.0,2024.0,2,2024-06-18,"[""VAULT"", ""WORKFLOW""]",43,4.0,Low
0d6e56dc3f38619d877ccabf141c6ecd,4.0,2024.0,4,2024-04-25,"[""ASSISTANT"", ""VAULT"", ""WORKFLOW""]",6,4.0,Low
0d6e56dc3f38619d877ccabf141c6ecd,5.0,2024.0,2,2024-05-23,"[""ASSISTANT"", ""WORKFLOW""]",2,4.5,Low
0d7ee5861f8efd24d184ef38fd9ff0b4,4.0,2024.0,8,2024-04-26,"[""ASSISTANT"", ""VAULT"", ""WORKFLOW""]",37,3.9,Low
0d7ee5861f8efd24d184ef38fd9ff0b4,5.0,2024.0,6,2024-05-30,"[""ASSISTANT"", ""WORKFLOW""]",12,3.8,Avg
0d7ee5861f8efd24d184ef38fd9ff0b4,6.0,2024.0,3,2024-06-14,"[""ASSISTANT""]",6,3.3,Low
0d8e1636115373c1489ec310ff93bca4,4.0,2024.0,3,2024-04-14,"[""ASSISTANT"", ""WORKFLOW""]",4,4.7,Low
0d8e1636115373c1489ec310ff93bca4,5.0,2024.0,2,2024-05-22,"[""WORKFLOW""]",2,4.5,Low
0d8e1636115373c1489ec310ff93bca4,6.0,2024.0,1,2024-06-04,"[""ASSISTANT""]",1,4.0,Low
0d8eb1e0324eb87ba35e63a7821704af,4.0,2024.0,6,2024-04-08,"[""ASSISTANT"", ""VAULT"", ""WORKFLOW""]",15,4.2,Avg
0d92b53acaa3a73bb8cf17c6ba82afec,5.0,2024.0,2,2024-05-14,"[""VAULT"", ""WORKFLOW""]",64,4.5,Low
0d93d67ee0f30c001a02964143e9ac3c,6.0,2024.0,2,2024-06-14,"[""ASSISTANT"", ""WORKFLOW""]",2,4.5,Low
0d9ca51478786cadf04838686dc37c16,4.0,2024.0,3,2024-04-19,"[""ASSISTANT"", ""WORKFLOW""]",5,4.0,Low
0db2fb517aa46cbdcb801a8b3e224ed1,6.0,2024.0,1,2024-06-24,"[""ASSISTANT""]",2,5.0,Low
0dd2f68bd3e6aa7fa9456a905a8273da,6.0,2024.0,1,2024-06-13,"[""ASSISTANT""]",1,4.0,Low
0e04889657d166e1319d614203530b42,5.0,2024.0,4,2024-05-10,"[""ASSISTANT"", ""VAULT"", ""WORKFLOW""]",36,3.8,Low
0e04889657d166e1319d614203530b42,6.0,2024.0,1,2024-06-10,"[""ASSISTANT""]",5,3.0,Low
0e300d97f25e58f6ede59f6241495ff7,5.0,2024.0,2,2024-05-17,"[""ASSISTANT"", ""WORKFLOW""]",3,4.5,Low
0e321b91ebf0f67d35c9950924dc6699,4.0,2024.0,1,2024-04-02,"[""VAULT""]",3,2.0,Low
0e321b91ebf0f67d35c9950924dc6699,6.0,2024.0,2,2024-06-17,"[""ASSISTANT"", ""WORKFLOW""]",3,4.0,Low
0e37bc9339c012b35d653b19b1c64a3a,4.0,2024.0,4,2024-04-25,"[""ASSISTANT"", ""VAULT"", ""WORKFLOW""]",27,4.5,Low
0e3eefd20aa5fca95eeeca8ee252d3b7,4.0,2024.0,15,2024-04-25,"[""ASSISTANT"", ""VAULT"", ""WORKFLOW""]",145,3.7,High
0e3eefd20aa5fca95eeeca8ee252d3b7,5.0,2024.0,20,2024-05-28,"[""ASSISTANT"", ""VAULT"", ""WORKFLOW""]",97,4.2,Avg
0e3eefd20aa5fca95eeeca8ee252d3b7,6.0,2024.0,2,2024-06-14,"[""ASSISTANT"", ""WORKFLOW""]",2,5.0,Low
0e56db4546837c3c35380bd7ae38c6f9,4.0,2024.0,1,2024-04-19,"[""VAULT""]",31,4.0,Low
0e56db4546837c3c35380bd7ae38c6f9,5.0,2024.0,1,2024-05-10,"[""VAULT""]",5,5.0,Low
0e668e1a9101a9696e637c38fb26258c,6.0,2024.0,2,2024-06-21,"[""ASSISTANT""]",6,3.5,Low
0e83e506f31b46a5d674a84f5acaabae,6.0,2024.0,3,2024-06-19,"[""ASSISTANT"", ""VAULT""]",17,4.3,Low
0e932c3e63178195e2275b266c942f9f,6.0,2024.0,3,2024-06-24,"[""ASSISTANT"", ""WORKFLOW""]",3,4.0,Low
0eb13d935d08fd18ff6735ef83be0204,6.0,2024.0,1,2024-06-06,"[""WORKFLOW""]",1,4.0,Low
0f09a1b2509445382d75d9ab3b2181c8,5.0,2024.0,1,2024-05-19,"[""ASSISTANT""]",1,5.0,Low
0f0ee9bbfd9a5f93d8e9781156568d3e,5.0,2024.0,4,2024-05-28,"[""ASSISTANT"", ""VAULT"", ""WORKFLOW""]",22,4.3,Low
0f4cf0fe88d949df5dde84d5adda226f,5.0,2024.0,1,2024-05-01,"[""ASSISTANT""]",5,5.0,Low
0f4e44d76e1414574cf5a730a5ae1f93,6.0,2024.0,3,2024-06-13,"[""ASSISTANT""]",9,5.0,Low
0f6a9225127b10d9df3aa7aff52ec3c0,5.0,2024.0,5,2024-05-20,"[""ASSISTANT"", ""WORKFLOW""]",32,3.6,Low
0f6a9225127b10d9df3aa7aff52ec3c0,6.0,2024.0,1,2024-06-05,"[""ASSISTANT""]",1,4.0,Low
0f6c4f5f8853d8c99e5880a3c6986dbd,5.0,2024.0,3,2024-05-13,"[""VAULT"", ""WORKFLOW""]",31,4.3,Low
0f7c6e4d99b615aaa11083d139a74fbf,4.0,2024.0,7,2024-04-30,"[""ASSISTANT"", ""VAULT"", ""WORKFLOW""]",67,4.3,Low
0f7c6e4d99b615aaa11083d139a74fbf,5.0,2024.0,1,2024-05-16,"[""ASSISTANT""]",6,5.0,Low
0f7c6e4d99b615aaa11083d139a74fbf,6.0,2024.0,2,2024-06-22,"[""ASSISTANT"", ""VAULT""]",19,4.0,Low
0f90a4663d61b286f0428bb0ee6db10d,5.0,2024.0,1,2024-05-14,"[""WORKFLOW""]",1,5.0,Low
0f91575f2faf0a1c8c661d45309a7854,5.0,2024.0,1,2024-05-28,"[""ASSISTANT""]",1,3.0,Low
0f91575f2faf0a1c8c661d45309a7854,6.0,2024.0,2,2024-06-16,"[""ASSISTANT"", ""VAULT""]",2,5.0,Low
0f9329d7784f6d7466b664444ff384ea,5.0,2024.0,1,2024-05-14,"[""VAULT""]",37,5.0,Low
0fcfb78bfdbff5fa0175cec3a2e6eb60,5.0,2024.0,1,2024-05-10,"[""ASSISTANT""]",6,5.0,Low
0fcfb78bfdbff5fa0175cec3a2e6eb60,6.0,2024.0,1,2024-06-04,"[""ASSISTANT""]",1,5.0,Low
10056ba69249c45cccee0d8b01fc5781,5.0,2024.0,1,2024-05-16,"[""WORKFLOW""]",1,5.0,Low
101c0e0a89d81e970cf1d8e12a8a74eb,4.0,2024.0,1,2024-04-29,"[""ASSISTANT""]",3,5.0,Low
101c0e0a89d81e970cf1d8e12a8a74eb,5.0,2024.0,2,2024-05-12,"[""WORKFLOW""]",6,3.0,Low
10423fdf14f4452153d188f56a514b6f,5.0,2024.0,7,2024-05-20,"[""ASSISTANT"", ""VAULT"", ""WORKFLOW""]",11,4.6,Avg
105e61d8b1632417332f750dcf885976,4.0,2024.0,1,2024-04-05,"[""VAULT""]",28,4.0,Low
105e61d8b1632417332f750dcf885976,5.0,2024.0,8,2024-05-29,"[""ASSISTANT"", ""VAULT"", ""WORKFLOW""]",34,4.1,Low
105e61d8b1632417332f750dcf885976,6.0,2024.0,3,2024-06-11,"[""ASSISTANT"", ""WORKFLOW""]",3,3.7,Low
109369e5e88fc7114ab87eb99c6183a3,4.0,2024.0,1,2024-04-08,"[""VAULT""]",47,4.0,Low
109369e5e88fc7114ab87eb99c6183a3,5.0,2024.0,1,2024-05-06,"[""WORKFLOW""]",1,2.0,Low
109369e5e88fc7114ab87eb99c6183a3,6.0,2024.0,3,2024-06-17,"[""ASSISTANT"", ""WORKFLOW""]",3,4.0,Low
109d3e77410d1ac8065351ba3d718838,6.0,2024.0,4,2024-06-21,"[""ASSISTANT"", ""VAULT""]",45,4.5,Low
10cd95cf56b659e684dc4a9f02483a44,6.0,2024.0,3,2024-06-17,"[""ASSISTANT"", ""VAULT""]",45,3.0,Low
10cf807a4c3a6d9e986be0b22bc57562,5.0,2024.0,1,2024-05-08,"[""WORKFLOW""]",1,3.0,Low
10e2659cf739c13347845e80f102ee59,4.0,2024.0,11,2024-04-26,"[""ASSISTANT"", ""VAULT"", ""WORKFLOW""]",49,4.4,Avg
10e2659cf739c13347845e80f102ee59,5.0,2024.0,7,2024-05-30,"[""ASSISTANT"", ""VAULT"", ""WORKFLOW""]",45,4.1,Low
1139ac9e2e06fd7b6b94a67ee08313a0,5.0,2024.0,5,2024-05-22,"[""ASSISTANT"", ""WORKFLOW""]",5,4.2,Low
1153e977f133a9d738051153267849aa,6.0,2024.0,1,2024-06-13,"[""VAULT""]",36,2.0,Low
115ceccd016f9e69992ee24522ba5b9c,4.0,2024.0,4,2024-04-17,"[""ASSISTANT"", ""WORKFLOW""]",4,4.3,Low
115ceccd016f9e69992ee24522ba5b9c,5.0,2024.0,1,2024-05-02,"[""WORKFLOW""]",1,5.0,Low
115ceccd016f9e69992ee24522ba5b9c,6.0,2024.0,1,2024-06-08,"[""ASSISTANT""]",1,4.0,Low
1171ac0f0ee45e51f91b51b79d185dd4,6.0,2024.0,1,2024-06-06,"[""WORKFLOW""]",1,4.0,Low
11760da632ea584f4f21f14d8c0767ac,5.0,2024.0,2,2024-05-21,"[""VAULT""]",20,2.5,Low
118145af55c4ccf709d2f69eeabf5129,4.0,2024.0,8,2024-04-23,"[""ASSISTANT"", ""VAULT"", ""WORKFLOW""]",95,3.9,Low
118145af55c4ccf709d2f69eeabf5129,5.0,2024.0,2,2024-05-20,"[""ASSISTANT""]",2,4.0,Low
118594723c66903540737da16258f089,5.0,2024.0,1,2024-05-30,"[""VAULT""]",13,4.0,Avg
11d13953ca4e938eefc8f9d3a5c6f9ea,6.0,2024.0,2,2024-06-13,"[""ASSISTANT""]",2,3.5,Low
11e745f7fe84302e6080fc75d20196f8,6.0,2024.0,3,2024-06-12,"[""ASSISTANT"", ""VAULT""]",52,4.3,Low
11f8c4f84ac42a28066446940f9916e4,4.0,2024.0,4,2024-04-23,"[""ASSISTANT"", ""VAULT""]",85,3.5,Low
11fcaf3c8cea2520e8b47d6b077ce8aa,5.0,2024.0,2,2024-05-20,"[""VAULT"", ""WORKFLOW""]",15,3.0,Avg
11fdd116ad5e506d906b9b8bc52c6f84,4.0,2024.0,1,2024-04-26,"[""WORKFLOW""]",1,2.0,Low
11fdd116ad5e506d906b9b8bc52c6f84,5.0,2024.0,1,2024-05-22,"[""WORKFLOW""]",1,5.0,Low
122b8ea1ed934ca3fe065fa26c2dec5e,4.0,2024.0,13,2024-04-29,"[""ASSISTANT"", ""VAULT"", ""WORKFLOW""]",137,4.0,High
122b8ea1ed934ca3fe065fa26c2dec5e,5.0,2024.0,3,2024-05-31,"[""ASSISTANT"", ""VAULT""]",47,4.7,Low
122b8ea1ed934ca3fe065fa26c2dec5e,6.0,2024.0,7,2024-06-16,"[""ASSISTANT"", ""VAULT"", ""WORKFLOW""]",105,4.1,High
12553623c48c5bf46a6667504a84c8da,6.0,2024.0,5,2024-06-24,"[""ASSISTANT"", ""VAULT"", ""WORKFLOW""]",62,4.4,Low
127b09227d3dbc6aee7f51e23fe62ed7,6.0,2024.0,1,2024-06-12,"[""ASSISTANT""]",1,3.0,Low
1292be51cab88ec441493b595cc29f74,6.0,2024.0,3,2024-06-18,"[""VAULT"", ""WORKFLOW""]",22,3.3,Low
12c77567b99db23057761b29c619e5dd,6.0,2024.0,2,2024-06-10,"[""VAULT""]",66,4.0,Low
12d95bed305e6c9ee8f3cac2639f585c,4.0,2024.0,1,2024-04-10,"[""VAULT""]",23,5.0,Low
12d95bed305e6c9ee8f3cac2639f585c,6.0,2024.0,3,2024-06-18,"[""WORKFLOW""]",3,4.3,Low
12f5ffde717e5ba7af906c75646e92da,5.0,2024.0,1,2024-05-28,"[""WORKFLOW""]",1,3.0,Low
12f5ffde717e5ba7af906c75646e92da,6.0,2024.0,2,2024-06-10,"[""ASSISTANT"", ""VAULT""]",2,4.5,Low
133228f6a47b5b147de3972b3c790a2d,4.0,2024.0,1,2024-04-10,"[""VAULT""]",35,5.0,Low
133bb04e403e4bcaf31c83ca16b1a2da,4.0,2024.0,6,2024-04-25,"[""VAULT"", ""WORKFLOW""]",48,4.2,Low
133bb04e403e4bcaf31c83ca16b1a2da,5.0,2024.0,5,2024-05-22,"[""ASSISTANT"", ""VAULT""]",56,4.2,Low
133bb04e403e4bcaf31c83ca16b1a2da,6.0,2024.0,3,2024-06-10,"[""ASSISTANT"", ""VAULT""]",39,4.3,Low
136c57195c61615c5291d035e9518c20,4.0,2024.0,7,2024-04-29,"[""ASSISTANT"", ""VAULT"", ""WORKFLOW""]",89,3.9,Low
136c57195c61615c5291d035e9518c20,5.0,2024.0,14,2024-05-30,"[""ASSISTANT"", ""VAULT"", ""WORKFLOW""]",128,4.0,High
136c57195c61615c5291d035e9518c20,6.0,2024.0,16,2024-06-17,"[""ASSISTANT"", ""VAULT"", ""WORKFLOW""]",73,4.1,Avg
137201a508dded1b4ae2a73157a5377c,4.0,2024.0,1,2024-04-30,"[""VAULT""]",44,5.0,Low
137201a508dded1b4ae2a73157a5377c,5.0,2024.0,2,2024-05-30,"[""ASSISTANT"", ""VAULT""]",12,3.5,Avg
137201a508dded1b4ae2a73157a5377c,6.0,2024.0,1,2024-06-13,"[""WORKFLOW""]",3,5.0,Low
138d25a63569b27523afa2efbf8a546d,6.0,2024.0,1,2024-06-21,"[""VAULT""]",32,5.0,Low
1395d5195aa7fbf1f0557d5643b59553,4.0,2024.0,2,2024-04-09,"[""ASSISTANT"", ""WORKFLOW""]",2,4.5,Low
13ab2218432b1a23fc08cc563d808477,6.0,2024.0,3,2024-06-14,"[""VAULT""]",63,3.0,Low
13b15b738f61f989a2d9b0b974dffb12,6.0,2024.0,1,2024-06-18,"[""ASSISTANT""]",2,3.0,Low
13c0b161db0b26afc58927e0e278faf8,4.0,2024.0,1,2024-04-29,"[""ASSISTANT""]",1,5.0,Low
13c0b161db0b26afc58927e0e278faf8,5.0,2024.0,7,2024-05-27,"[""ASSISTANT"", ""VAULT"", ""WORKFLOW""]",102,4.3,High
13c0b161db0b26afc58927e0e278faf8,6.0,2024.0,1,2024-06-07,"[""ASSISTANT""]",1,4.0,Low
13d1c60cce816e522b0359574ac972ff,4.0,2024.0,7,2024-04-29,"[""ASSISTANT"", ""VAULT"", ""WORKFLOW""]",72,3.7,Low
13d1c60cce816e522b0359574ac972ff,5.0,2024.0,3,2024-05-20,"[""ASSISTANT"", ""WORKFLOW""]",3,5.0,Low
13d1c60cce816e522b0359574ac972ff,6.0,2024.0,1,2024-06-20,"[""ASSISTANT""]",1,4.0,Low
13f21d8f8edef7d99204f47d77fddef6,5.0,2024.0,1,2024-05-22,"[""ASSISTANT""]",1,3.0,Low
1403f473ec0e2507264feecade989121,6.0,2024.0,1,2024-06-07,"[""VAULT""]",17,4.0,Low
140fdda4aa646b9bc52c2047d706ea4e,4.0,2024.0,4,2024-04-22,"[""ASSISTANT"", ""WORKFLOW""]",22,3.8,Low
14231d04550cccb319ce2e2178ee3b5c,5.0,2024.0,6,2024-05-03,"[""ASSISTANT"", ""VAULT"", ""WORKFLOW""]",51,4.0,Low
1437e97b339a3355733ebee92bd1d1c6,4.0,2024.0,12,2024-04-30,"[""ASSISTANT"", ""VAULT"", ""WORKFLOW""]",28,4.1,Avg
1437e97b339a3355733ebee92bd1d1c6,5.0,2024.0,16,2024-05-31,"[""ASSISTANT"", ""VAULT"", ""WORKFLOW""]",166,4.1,High
1437e97b339a3355733ebee92bd1d1c6,6.0,2024.0,8,2024-06-18,"[""ASSISTANT"", ""VAULT"", ""WORKFLOW""]",27,3.5,Low
143a6a2bc47a9e311d14b0fd2e0cf5bd,4.0,2024.0,3,2024-04-22,"[""ASSISTANT"", ""WORKFLOW""]",3,3.7,Low
144496f3e1457781b4978f26f2af1771,5.0,2024.0,2,2024-05-17,"[""ASSISTANT"", ""VAULT""]",47,4.0,Low
144496f3e1457781b4978f26f2af1771,6.0,2024.0,3,2024-06-13,"[""ASSISTANT"", ""VAULT""]",55,4.0,Low
144c67eab7f89fba4e86739cc94089f5,5.0,2024.0,3,2024-05-28,"[""ASSISTANT"", ""WORKFLOW""]",5,4.7,Low
144c67eab7f89fba4e86739cc94089f5,6.0,2024.0,3,2024-06-20,"[""ASSISTANT"", ""VAULT""]",43,5.0,Low
1458f42ef7ca5576da06276c256cb401,5.0,2024.0,2,2024-05-10,"[""ASSISTANT"", ""VAULT""]",22,3.5,Low
1476fdc137f25de4cd7ff4746b273852,4.0,2024.0,3,2024-04-04,"[""ASSISTANT"", ""VAULT""]",59,4.0,Low
1476fdc137f25de4cd7ff4746b273852,5.0,2024.0,3,2024-05-29,"[""ASSISTANT"", ""WORKFLOW""]",3,4.3,Low
1476fdc137f25de4cd7ff4746b273852,6.0,2024.0,10,2024-06-21,"[""ASSISTANT"", ""VAULT"", ""WORKFLOW""]",220,3.9,High
1495ff577795fddd37cfcdb9218ea188,6.0,2024.0,3,2024-06-20,"[""ASSISTANT"", ""VAULT""]",36,4.0,Low
14a45c72ff4470c93d719881908dbb29,5.0,2024.0,3,2024-05-24,"[""ASSISTANT"", ""WORKFLOW""]",3,4.7,Low
14a45c72ff4470c93d719881908dbb29,6.0,2024.0,1,2024-06-19,"[""WORKFLOW""]",1,3.0,Low
14b465270604f264bfab4c0ce0c4fee0,4.0,2024.0,4,2024-04-17,"[""VAULT"", ""WORKFLOW""]",12,3.0,Avg
14b465270604f264bfab4c0ce0c4fee0,5.0,2024.0,2,2024-05-28,"[""ASSISTANT"", ""VAULT""]",11,3.5,Avg
14b465270604f264bfab4c0ce0c4fee0,6.0,2024.0,18,2024-06-20,"[""ASSISTANT"", ""VAULT"", ""WORKFLOW""]",127,4.1,High
14be8f8efd21525ab5f89bdd52491f57,4.0,2024.0,1,2024-04-29,"[""WORKFLOW""]",1,5.0,Low
14be8f8efd21525ab5f89bdd52491f57,5.0,2024.0,1,2024-05-06,"[""WORKFLOW""]",1,2.0,Low
14c7c0b3b26addf20ce2b9d588b673b4,6.0,2024.0,14,2024-06-25,"[""ASSISTANT"", ""VAULT"", ""WORKFLOW""]",81,3.7,Avg
14d578a57fa0cbc314ad7befff39f5f5,4.0,2024.0,5,2024-04-30,"[""ASSISTANT"", ""WORKFLOW""]",5,4.6,Low
14d578a57fa0cbc314ad7befff39f5f5,5.0,2024.0,15,2024-05-31,"[""ASSISTANT"", ""VAULT"", ""WORKFLOW""]",98,4.4,Avg
14d578a57fa0cbc314ad7befff39f5f5,6.0,2024.0,8,2024-06-25,"[""ASSISTANT"", ""VAULT"", ""WORKFLOW""]",40,4.6,Low
14ee5dc6781d15d0b09fcbe14bf4bcfc,5.0,2024.0,2,2024-05-17,"[""ASSISTANT"", ""VAULT""]",23,3.0,Low
14ee5dc6781d15d0b09fcbe14bf4bcfc,6.0,2024.0,4,2024-06-18,"[""ASSISTANT"", ""VAULT"", ""WORKFLOW""]",57,4.0,Low
1505e0f240dc3429b02616c0a0d57a75,4.0,2024.0,21,2024-04-29,"[""ASSISTANT"", ""VAULT"", ""WORKFLOW""]",202,4.0,High
1505e0f240dc3429b02616c0a0d57a75,5.0,2024.0,5,2024-05-31,"[""ASSISTANT"", ""VAULT"", ""WORKFLOW""]",63,4.4,Low
1505e0f240dc3429b02616c0a0d57a75,6.0,2024.0,21,2024-06-23,"[""ASSISTANT"", ""VAULT"", ""WORKFLOW""]",254,4.0,High
151f21a5ce2ec136783618c656337052,4.0,2024.0,1,2024-04-10,"[""ASSISTANT""]",2,5.0,Low
151f21a5ce2ec136783618c656337052,5.0,2024.0,7,2024-05-30,"[""ASSISTANT"", ""WORKFLOW""]",11,3.3,Avg
151f21a5ce2ec136783618c656337052,6.0,2024.0,2,2024-06-14,"[""WORKFLOW""]",2,4.0,Low
152c0383964cd6cc9a2a88f54a7be651,4.0,2024.0,2,2024-04-26,"[""ASSISTANT"", ""VAULT""]",23,5.0,Low
152c0383964cd6cc9a2a88f54a7be651,6.0,2024.0,1,2024-06-04,"[""VAULT""]",47,3.0,Low
1537e57fcf8f7e1009000fa352d717b2,4.0,2024.0,3,2024-04-03,"[""VAULT"", ""WORKFLOW""]",19,4.0,Low
1537e57fcf8f7e1009000fa352d717b2,5.0,2024.0,1,2024-05-24,"[""ASSISTANT""]",1,4.0,Low
154cf3de2a45d8120863027d78b1dd73,6.0,2024.0,1,2024-06-20,"[""ASSISTANT""]",1,5.0,Low
1557fe1741810dc1f75168a4d61bf710,4.0,2024.0,1,2024-04-26,"[""VAULT""]",28,4.0,Low
1557fe1741810dc1f75168a4d61bf710,5.0,2024.0,2,2024-05-22,"[""ASSISTANT"", ""WORKFLOW""]",2,3.5,Low
1567ff5cb7335c4f13c68a7bbfa246b6,4.0,2024.0,6,2024-04-24,"[""ASSISTANT""]",6,3.7,Low
1572cb23c2e0a8b5f174c29584046b30,6.0,2024.0,1,2024-06-05,"[""VAULT""]",5,4.0,Low
15782616b95a69de8c60ccb95195d31e,4.0,2024.0,3,2024-04-29,"[""ASSISTANT"", ""WORKFLOW""]",3,4.0,Low
15782616b95a69de8c60ccb95195d31e,5.0,2024.0,4,2024-05-25,"[""ASSISTANT"", ""WORKFLOW""]",4,3.3,Low
159d937ae407190fd9bc957ebf42be85,4.0,2024.0,4,2024-04-16,"[""ASSISTANT"", ""WORKFLOW""]",4,4.0,Low
159d937ae407190fd9bc957ebf42be85,6.0,2024.0,4,2024-06-11,"[""ASSISTANT"", ""WORKFLOW""]",8,4.5,Low
15bea345e5c3f477532db7d4e5cfc03e,4.0,2024.0,1,2024-04-03,"[""VAULT""]",9,5.0,Low
15cf23ce4e2b230d31ea4faa303aeaa0,5.0,2024.0,10,2024-05-29,"[""ASSISTANT"", ""VAULT""]",56,4.4,Avg
15cf23ce4e2b230d31ea4faa303aeaa0,6.0,2024.0,9,2024-06-25,"[""ASSISTANT"", ""VAULT"", ""WORKFLOW""]",61,4.2,Low
15d11077720e1b0f9aa4bff1cab12994,4.0,2024.0,1,2024-04-29,"[""WORKFLOW""]",1,5.0,Low
15d11077720e1b0f9aa4bff1cab12994,5.0,2024.0,4,2024-05-31,"[""ASSISTANT"", ""WORKFLOW""]",5,3.8,Low
15d11077720e1b0f9aa4bff1cab12994,6.0,2024.0,2,2024-06-25,"[""WORKFLOW""]",4,2.0,Low
160252f8760fc61d8ce626edb28dc8a5,6.0,2024.0,2,2024-06-06,"[""ASSISTANT"", ""WORKFLOW""]",2,4.5,Low
1604b3bc60006d9badc8fff20310fe9a,5.0,2024.0,2,2024-05-29,"[""ASSISTANT"", ""WORKFLOW""]",2,3.0,Low
1604b3bc60006d9badc8fff20310fe9a,6.0,2024.0,1,2024-06-03,"[""WORKFLOW""]",1,5.0,Low
16154b38a57123503ecae78b8b38d768,5.0,2024.0,3,2024-05-22,"[""ASSISTANT"", ""VAULT"", ""WORKFLOW""]",31,4.7,Low
16154b38a57123503ecae78b8b38d768,6.0,2024.0,6,2024-06-11,"[""ASSISTANT"", ""VAULT"", ""WORKFLOW""]",36,3.7,Low
162ff90d84420f5648d4df4071f4a613,6.0,2024.0,7,2024-06-21,"[""ASSISTANT"", ""WORKFLOW""]",19,4.4,Low
167fc4ac30fa5d1e9520b98a7e6fdb9f,4.0,2024.0,5,2024-04-24,"[""ASSISTANT"", ""VAULT"", ""WORKFLOW""]",5,4.6,Low
167fc4ac30fa5d1e9520b98a7e6fdb9f,5.0,2024.0,1,2024-05-09,"[""ASSISTANT""]",3,4.0,Low
16a61ef7873b02cfcfc60d1f092f42eb,4.0,2024.0,3,2024-04-16,"[""ASSISTANT"", ""VAULT""]",34,4.3,Low
16a61ef7873b02cfcfc60d1f092f42eb,5.0,2024.0,1,2024-05-03,"[""WORKFLOW""]",1,5.0,Low
16a61ef7873b02cfcfc60d1f092f42eb,6.0,2024.0,1,2024-06-22,"[""ASSISTANT""]",1,5.0,Low
16cd58af0f152dc71940abac3fae0da5,4.0,2024.0,2,2024-04-10,"[""VAULT""]",36,4.5,Low
16cd58af0f152dc71940abac3fae0da5,5.0,2024.0,12,2024-05-31,"[""ASSISTANT"", ""VAULT"", ""WORKFLOW""]",72,3.8,Avg
16cd58af0f152dc71940abac3fae0da5,6.0,2024.0,4,2024-06-21,"[""ASSISTANT"", ""VAULT"", ""WORKFLOW""]",17,4.0,Low
16df513c5e64986ab32616a6165aa704,4.0,2024.0,1,2024-04-16,"[""VAULT""]",5,5.0,Low
16e3478c11a007a73b4e529e84a23d66,6.0,2024.0,1,2024-06-20,"[""ASSISTANT""]",3,3.0,Low
16ef70dba11b0917752ed743c2f36701,6.0,2024.0,2,2024-06-05,"[""ASSISTANT"", ""WORKFLOW""]",2,3.5,Low
16fd26608b1f480dd0cb6860c5b22c64,4.0,2024.0,2,2024-04-23,"[""ASSISTANT""]",2,4.0,Low
172339f96653eac3deb7bac1a9a9556b,4.0,2024.0,1,2024-04-29,"[""ASSISTANT""]",1,4.0,Low
172339f96653eac3deb7bac1a9a9556b,6.0,2024.0,2,2024-06-20,"[""VAULT""]",51,3.5,Low
173795f58a62546ca654098c9c3ec7c9,6.0,2024.0,1,2024-06-11,"[""VAULT""]",11,4.0,Avg
17387705b6e58a7fb7e723c4bf1e8cf2,5.0,2024.0,17,2024-05-28,"[""ASSISTANT"", ""VAULT"", ""WORKFLOW""]",137,4.2,High
173905092fd1449c03478e22070a1486,4.0,2024.0,1,2024-04-04,"[""VAULT""]",34,3.0,Low
173905092fd1449c03478e22070a1486,5.0,2024.0,2,2024-05-16,"[""WORKFLOW""]",2,4.0,Low
1741af988f9171ee369a7d007d9835cc,4.0,2024.0,2,2024-04-12,"[""WORKFLOW""]",4,4.5,Low
1741af988f9171ee369a7d007d9835cc,6.0,2024.0,2,2024-06-12,"[""ASSISTANT""]",7,5.0,Low
174bd2f523f66472bca455c5b353d66b,5.0,2024.0,9,2024-05-29,"[""ASSISTANT"", ""VAULT"", ""WORKFLOW""]",84,4.3,Low
174bd2f523f66472bca455c5b353d66b,6.0,2024.0,2,2024-06-21,"[""ASSISTANT"", ""VAULT""]",24,2.5,Low
174df94363429ca5074900ee235f2ac4,5.0,2024.0,1,2024-05-03,"[""ASSISTANT""]",9,4.0,Low
174df94363429ca5074900ee235f2ac4,6.0,2024.0,1,2024-06-11,"[""ASSISTANT""]",16,4.0,Low
1766d72f20460c75ccef90267d24fe56,5.0,2024.0,6,2024-05-16,"[""ASSISTANT"", ""VAULT""]",38,3.5,Low
176c79b64659dfbe0468b42d869212ae,4.0,2024.0,2,2024-04-25,"[""ASSISTANT""]",3,5.0,Low
176dcc41b9d3b556b5e283d5fccfe459,4.0,2024.0,14,2024-04-30,"[""ASSISTANT"", ""VAULT"", ""WORKFLOW""]",203,4.1,High
176dcc41b9d3b556b5e283d5fccfe459,5.0,2024.0,13,2024-05-21,"[""ASSISTANT"", ""VAULT"", ""WORKFLOW""]",107,3.7,High
176dcc41b9d3b556b5e283d5fccfe459,6.0,2024.0,7,2024-06-24,"[""ASSISTANT"", ""VAULT"", ""WORKFLOW""]",48,4.1,Low
176ed7907083c93a3a56a755b6a6636a,4.0,2024.0,7,2024-04-22,"[""ASSISTANT"", ""VAULT"", ""WORKFLOW""]",19,3.9,Low
1784f7c43a7fb6938392de12f77285c1,4.0,2024.0,8,2024-04-25,"[""ASSISTANT"", ""VAULT"", ""WORKFLOW""]",43,4.4,Low
1784f7c43a7fb6938392de12f77285c1,5.0,2024.0,1,2024-05-22,"[""VAULT""]",31,4.0,Low
1784f7c43a7fb6938392de12f77285c1,6.0,2024.0,1,2024-06-24,"[""ASSISTANT""]",1,5.0,Low
17b706b322832355bc7249e9f1fe9823,6.0,2024.0,8,2024-06-11,"[""VAULT"", ""WORKFLOW""]",74,4.0,Low
17b71de86646f7664a844f2f2865b6f9,4.0,2024.0,1,2024-04-10,"[""ASSISTANT""]",1,1.0,Low
17b97e8d472cd34cfae4fa78f3782016,6.0,2024.0,1,2024-06-14,"[""WORKFLOW""]",2,4.0,Low
17be1e683afd2cfba0d9eb113588fbb8,4.0,2024.0,5,2024-04-15,"[""ASSISTANT"", ""VAULT""]",95,3.8,Low
17cea4a5613b1bc24053136ae1deb30e,6.0,2024.0,1,2024-06-24,"[""WORKFLOW""]",1,5.0,Low
17d118cc9cc3cd89e8202910ea82cda2,5.0,2024.0,5,2024-05-28,"[""ASSISTANT"", ""VAULT""]",51,4.6,Low
17d118cc9cc3cd89e8202910ea82cda2,6.0,2024.0,3,2024-06-20,"[""VAULT"", ""WORKFLOW""]",32,4.3,Low
17e24eb874d5eb47a7e376dc5b04948c,4.0,2024.0,1,2024-04-19,"[""VAULT""]",6,3.0,Low
17e24eb874d5eb47a7e376dc5b04948c,5.0,2024.0,2,2024-05-14,"[""VAULT"", ""WORKFLOW""]",40,5.0,Low
17e24eb874d5eb47a7e376dc5b04948c,6.0,2024.0,1,2024-06-21,"[""ASSISTANT""]",1,5.0,Low
180dc5f75bfc9a66bfa5e40cd8a53683,4.0,2024.0,6,2024-04-21,"[""ASSISTANT"", ""VAULT"", ""WORKFLOW""]",13,4.3,Avg
180dc5f75bfc9a66bfa5e40cd8a53683,5.0,2024.0,10,2024-05-30,"[""ASSISTANT"", ""VAULT"", ""WORKFLOW""]",105,4.4,High
180dc5f75bfc9a66bfa5e40cd8a53683,6.0,2024.0,3,2024-06-11,"[""ASSISTANT"", ""VAULT"", ""WORKFLOW""]",10,3.7,Avg
1849235c3fe3f76dde0023ffb4126b16,4.0,2024.0,5,2024-04-15,"[""ASSISTANT"", ""WORKFLOW""]",5,4.4,Low
1849235c3fe3f76dde0023ffb4126b16,5.0,2024.0,3,2024-05-13,"[""ASSISTANT"", ""WORKFLOW""]",3,3.3,Low
1849235c3fe3f76dde0023ffb4126b16,6.0,2024.0,1,2024-06-03,"[""ASSISTANT""]",2,4.0,Low
185ad718ed1422388c6b0aabc588fee8,6.0,2024.0,1,2024-06-23,"[""ASSISTANT""]",1,2.0,Low
186086e28f070a3663caff7f674a84af,4.0,2024.0,3,2024-04-04,"[""ASSISTANT"", ""VAULT""]",31,4.3,Low
1873c6a7c9df3c9e5947fc3a0f4f6488,4.0,2024.0,3,2024-04-18,"[""ASSISTANT"", ""VAULT""]",51,4.0,Low
1873c6a7c9df3c9e5947fc3a0f4f6488,5.0,2024.0,1,2024-05-13,"[""WORKFLOW""]",1,5.0,Low
1873c6a7c9df3c9e5947fc3a0f4f6488,6.0,2024.0,6,2024-06-14,"[""ASSISTANT"", ""VAULT""]",28,4.2,Low
187ef7fe09f74e90662c5d7ee69f4ad1,4.0,2024.0,1,2024-04-13,"[""WORKFLOW""]",1,5.0,Low
18a6f5a641af62a2eb3c570e6c93d42e,4.0,2024.0,7,2024-04-13,"[""ASSISTANT"", ""WORKFLOW""]",10,4.3,Avg
18af48784b9a30b030e561d4b8865dcb,4.0,2024.0,3,2024-04-25,"[""ASSISTANT"", ""VAULT"", ""WORKFLOW""]",18,4.3,Low
18af48784b9a30b030e561d4b8865dcb,5.0,2024.0,3,2024-05-07,"[""VAULT"", ""WORKFLOW""]",36,4.3,Low
18c1dcc7ff1fda5b1bf7f7f9e11f5873,5.0,2024.0,1,2024-05-29,"[""VAULT""]",34,4.0,Low
18f15df91af2d8bb2726cfbeca4c835e,4.0,2024.0,1,2024-04-25,"[""WORKFLOW""]",1,5.0,Low
18f7b902b89b3f75253cd3a94680993c,6.0,2024.0,1,2024-06-20,"[""ASSISTANT""]",1,3.0,Low
18fddb9c83f3c7183ff6118dd2790a2d,4.0,2024.0,4,2024-04-22,"[""ASSISTANT"", ""VAULT"", ""WORKFLOW""]",46,5.0,Low
18fddb9c83f3c7183ff6118dd2790a2d,5.0,2024.0,2,2024-05-21,"[""ASSISTANT"", ""WORKFLOW""]",3,5.0,Low
18fddb9c83f3c7183ff6118dd2790a2d,6.0,2024.0,1,2024-06-08,"[""VAULT""]",48,5.0,Low
193d6a920e31584994b48d486eac1c43,6.0,2024.0,2,2024-06-25,"[""ASSISTANT"", ""WORKFLOW""]",2,4.5,Low
194dd7d82ebd8d217814d7de23b5989c,4.0,2024.0,19,2024-04-29,"[""ASSISTANT"", ""VAULT"", ""WORKFLOW""]",62,3.8,Avg
194dd7d82ebd8d217814d7de23b5989c,5.0,2024.0,11,2024-05-30,"[""ASSISTANT"", ""VAULT""]",204,4.4,High
194dd7d82ebd8d217814d7de23b5989c,6.0,2024.0,11,2024-06-18,"[""ASSISTANT"", ""VAULT"", ""WORKFLOW""]",103,4.2,High
19521630e53c34f0cd0b81903cadd91e,5.0,2024.0,1,2024-05-02,"[""ASSISTANT""]",1,4.0,Low
195466a4cc7f1811a2f6c4e1cc433328,5.0,2024.0,1,2024-05-10,"[""ASSISTANT""]",2,4.0,Low
1971356359147fd380dd9c8aa17ec607,4.0,2024.0,14,2024-04-22,"[""ASSISTANT"", ""VAULT"", ""WORKFLOW""]",56,4.1,Avg
1973883d909c7ae334f87d3f4de5eb14,4.0,2024.0,15,2024-04-24,"[""ASSISTANT"", ""VAULT"", ""WORKFLOW""]",217,4.1,High
1973883d909c7ae334f87d3f4de5eb14,5.0,2024.0,17,2024-05-23,"[""ASSISTANT"", ""VAULT"", ""WORKFLOW""]",169,4.2,High
1973883d909c7ae334f87d3f4de5eb14,6.0,2024.0,2,2024-06-24,"[""VAULT"", ""WORKFLOW""]",16,4.0,Low
197e6f431572b912c233ccf02a1be5da,5.0,2024.0,2,2024-05-30,"[""ASSISTANT""]",2,4.5,Low
197e6f431572b912c233ccf02a1be5da,6.0,2024.0,1,2024-06-05,"[""ASSISTANT""]",1,4.0,Low
197f39ac060bb18baf319fa8173f3083,5.0,2024.0,1,2024-05-21,"[""ASSISTANT""]",9,4.0,Low
1998ac3cf2940a605a6a57d536ded1a2,6.0,2024.0,5,2024-06-25,"[""ASSISTANT"", ""VAULT"", ""WORKFLOW""]",57,3.6,Low
199a340e19c6cbba0e77b58cf7b85e41,6.0,2024.0,24,2024-06-19,"[""ASSISTANT"", ""VAULT"", ""WORKFLOW""]",211,4.0,High
199f0d2eea6467c29699b2a5cfd15555,5.0,2024.0,1,2024-05-20,"[""WORKFLOW""]",1,4.0,Low
19aa17efb86266fe4f08a6f6fc730488,4.0,2024.0,46,2024-04-29,"[""ASSISTANT"", ""VAULT"", ""WORKFLOW""]",259,3.9,High
19aa17efb86266fe4f08a6f6fc730488,5.0,2024.0,47,2024-05-31,"[""ASSISTANT"", ""VAULT"", ""WORKFLOW""]",536,4.0,High
19aa17efb86266fe4f08a6f6fc730488,6.0,2024.0,13,2024-06-25,"[""ASSISTANT"", ""WORKFLOW""]",19,4.1,Avg
19b456e6faf5e69dde4faa07c349eeab,4.0,2024.0,2,2024-04-09,"[""VAULT""]",15,5.0,Avg
19cc47023c2de2db1dc45bcd67666b45,5.0,2024.0,7,2024-05-29,"[""ASSISTANT"", ""VAULT"", ""WORKFLOW""]",53,4.7,Low
19d0dd8a99d4aea71f58283a3a79c408,5.0,2024.0,2,2024-05-29,"[""ASSISTANT"", ""VAULT""]",34,1.0,Low
19d86a21308865e1c1d9853422826161,4.0,2024.0,1,2024-04-17,"[""VAULT""]",24,5.0,Low
1a21f335fc69988a4c5070440e520d93,4.0,2024.0,2,2024-04-10,"[""VAULT"", ""WORKFLOW""]",23,3.0,Low
1a21f335fc69988a4c5070440e520d93,6.0,2024.0,1,2024-06-25,"[""VAULT""]",39,4.0,Low
1a2546973b44cb2b4c43d63233ccc909,4.0,2024.0,8,2024-04-26,"[""ASSISTANT"", ""VAULT"", ""WORKFLOW""]",24,4.8,Low
1a2546973b44cb2b4c43d63233ccc909,5.0,2024.0,2,2024-05-09,"[""ASSISTANT""]",2,4.5,Low
1a55cf5f4100caf1090723b5d6e53df5,6.0,2024.0,1,2024-06-12,"[""WORKFLOW""]",4,4.0,Low
1a75bb36873b8f8d9e470334141237b0,4.0,2024.0,3,2024-04-17,"[""ASSISTANT"", ""VAULT"", ""WORKFLOW""]",94,4.3,Low
1a75bb36873b8f8d9e470334141237b0,5.0,2024.0,5,2024-05-25,"[""VAULT"", ""WORKFLOW""]",99,4.2,Low
1a7ce075df5a39cf0d80d014a796d853,5.0,2024.0,2,2024-05-20,"[""ASSISTANT"", ""WORKFLOW""]",2,4.0,Low